epoch;loss;mse;val_loss;val_mse
0;354.9290466308594;354.9290466308594;1273.835205078125;1273.835205078125
1;291.6092224121094;291.6092224121094;1173.0966796875;1173.0966796875
2;274.1795959472656;274.1795959472656;1113.412353515625;1113.412353515625
3;263.4969787597656;263.4969787597656;1069.3115234375;1069.3115234375
4;256.00958251953125;256.00958251953125;1032.044189453125;1032.044189453125
5;250.46917724609375;250.46917724609375;1000.689208984375;1000.689208984375
6;246.2740020751953;246.2740020751953;975.7823486328125;975.7823486328125
7;243.06781005859375;243.06781005859375;953.1846313476562;953.1846313476562
8;240.51412963867188;240.51412963867188;932.4700927734375;932.4700927734375
9;238.55812072753906;238.55812072753906;915.6525268554688;915.6525268554688
0;372.27789306640625;372.27789306640625;1303.162109375;1303.162109375
1;295.8577575683594;295.8577575683594;1183.6695556640625;1183.6695556640625
2;275.5135803222656;275.5135803222656;1116.6705322265625;1116.6705322265625
3;264.0734558105469;264.0734558105469;1070.0654296875;1070.0654296875
4;256.2481384277344;256.2481384277344;1032.02294921875;1032.02294921875
5;250.61611938476562;250.61611938476562;1001.372314453125;1001.372314453125
6;246.21774291992188;246.21774291992188;973.3089599609375;973.3089599609375
7;242.95339965820312;242.95339965820312;952.9852294921875;952.9852294921875
8;240.37661743164062;240.37661743164062;932.9300537109375;932.9300537109375
9;238.3887939453125;238.3887939453125;915.28466796875;915.28466796875
10;236.82781982421875;236.82781982421875;900.8010864257812;900.8010864257812
11;235.51290893554688;235.51290893554688;887.3682250976562;887.3682250976562
12;234.46530151367188;234.46530151367188;876.6243896484375;876.6243896484375
13;233.616455078125;233.616455078125;865.65087890625;865.65087890625
14;232.95803833007812;232.95803833007812;855.489501953125;855.489501953125
15;232.40966796875;232.40966796875;847.2689819335938;847.2689819335938
16;231.9598846435547;231.9598846435547;840.2020263671875;840.2020263671875
17;231.62001037597656;231.62001037597656;834.605224609375;834.605224609375
18;231.3212432861328;231.3212432861328;827.57373046875;827.57373046875
19;231.08010864257812;231.08010864257812;822.0647583007812;822.0647583007812
20;230.91152954101562;230.91152954101562;817.150146484375;817.150146484375
21;230.7675018310547;230.7675018310547;813.4359130859375;813.4359130859375
22;230.65023803710938;230.65023803710938;809.6596069335938;809.6596069335938
23;230.51937866210938;230.51937866210938;805.6691284179688;805.6691284179688
24;230.42575073242188;230.42575073242188;802.66796875;802.66796875
25;230.36854553222656;230.36854553222656;801.17822265625;801.17822265625
26;230.30645751953125;230.30645751953125;797.2877197265625;797.2877197265625
27;230.25791931152344;230.25791931152344;796.4346923828125;796.4346923828125
28;230.19992065429688;230.19992065429688;792.7546997070312;792.7546997070312
29;230.25802612304688;230.25802612304688;791.9952392578125;791.9952392578125
30;230.21157836914062;230.21157836914062;789.2756958007812;789.2756958007812
31;230.16555786132812;230.16555786132812;789.1670532226562;789.1670532226562
32;230.13778686523438;230.13778686523438;787.5142211914062;787.5142211914062
33;230.1319122314453;230.1319122314453;784.8407592773438;784.8407592773438
34;230.15150451660156;230.15150451660156;784.0667724609375;784.0667724609375
35;230.17495727539062;230.17495727539062;783.200927734375;783.200927734375
36;230.11026000976562;230.11026000976562;782.6244506835938;782.6244506835938
37;230.05892944335938;230.05892944335938;782.7382202148438;782.7382202148438
38;230.075927734375;230.075927734375;780.9402465820312;780.9402465820312
39;230.07640075683594;230.07640075683594;780.5223999023438;780.5223999023438
40;230.10972595214844;230.10972595214844;780.06640625;780.06640625
41;230.1384735107422;230.1384735107422;779.2952270507812;779.2952270507812
42;230.12371826171875;230.12371826171875;779.5979614257812;779.5979614257812
43;230.0853729248047;230.0853729248047;779.4484252929688;779.4484252929688
44;230.08111572265625;230.08111572265625;779.352294921875;779.352294921875
45;230.05555725097656;230.05555725097656;778.9612426757812;778.9612426757812
46;230.08287048339844;230.08287048339844;778.1813354492188;778.1813354492188
47;230.06912231445312;230.06912231445312;777.2078247070312;777.2078247070312
48;230.05760192871094;230.05760192871094;776.6576538085938;776.6576538085938
49;230.08067321777344;230.08067321777344;776.826171875;776.826171875
50;230.08595275878906;230.08595275878906;777.3895263671875;777.3895263671875
51;230.09996032714844;230.09996032714844;776.3688354492188;776.3688354492188
52;230.04322814941406;230.04322814941406;776.138427734375;776.138427734375
53;230.0624237060547;230.0624237060547;777.0186767578125;777.0186767578125
54;230.06568908691406;230.06568908691406;775.49169921875;775.49169921875
55;230.03834533691406;230.03834533691406;775.9014282226562;775.9014282226562
56;230.0748291015625;230.0748291015625;775.7079467773438;775.7079467773438
57;230.082275390625;230.082275390625;775.1718139648438;775.1718139648438
58;230.1144561767578;230.1144561767578;775.2160034179688;775.2160034179688
59;230.1320343017578;230.1320343017578;775.9625244140625;775.9625244140625
60;230.06614685058594;230.06614685058594;775.6520385742188;775.6520385742188
61;230.11062622070312;230.11062622070312;776.0779418945312;776.0779418945312
62;230.09259033203125;230.09259033203125;775.2315063476562;775.2315063476562
63;230.04409790039062;230.04409790039062;774.4676513671875;774.4676513671875
64;230.05760192871094;230.05760192871094;774.3356323242188;774.3356323242188
65;230.1061248779297;230.1061248779297;774.0536499023438;774.0536499023438
66;230.0845489501953;230.0845489501953;776.3499755859375;776.3499755859375
67;230.07308959960938;230.07308959960938;774.7915649414062;774.7915649414062
68;230.0738983154297;230.0738983154297;774.3880615234375;774.3880615234375
69;230.04251098632812;230.04251098632812;774.5482788085938;774.5482788085938
70;230.06690979003906;230.06690979003906;775.843505859375;775.843505859375
71;230.08631896972656;230.08631896972656;774.636962890625;774.636962890625
72;230.08050537109375;230.08050537109375;774.81396484375;774.81396484375
73;230.06944274902344;230.06944274902344;773.4288330078125;773.4288330078125
74;230.08099365234375;230.08099365234375;773.7815551757812;773.7815551757812
75;230.04776000976562;230.04776000976562;774.075439453125;774.075439453125
76;230.08651733398438;230.08651733398438;774.7162475585938;774.7162475585938
77;230.09764099121094;230.09764099121094;774.5987548828125;774.5987548828125
78;230.05885314941406;230.05885314941406;774.3847045898438;774.3847045898438
79;230.09423828125;230.09423828125;774.25;774.25
80;230.1164093017578;230.1164093017578;774.29638671875;774.29638671875
81;230.06729125976562;230.06729125976562;775.4456787109375;775.4456787109375
82;230.0936737060547;230.0936737060547;774.5733642578125;774.5733642578125
83;230.08155822753906;230.08155822753906;774.8643798828125;774.8643798828125
84;230.0888214111328;230.0888214111328;774.501220703125;774.501220703125
85;230.04161071777344;230.04161071777344;776.0933837890625;776.0933837890625
86;230.0847930908203;230.0847930908203;774.6507568359375;774.6507568359375
87;230.0531005859375;230.0531005859375;774.1377563476562;774.1377563476562
88;230.09400939941406;230.09400939941406;774.642333984375;774.642333984375
89;230.0788116455078;230.0788116455078;774.5036010742188;774.5036010742188
90;230.04928588867188;230.04928588867188;774.7737426757812;774.7737426757812
91;230.040283203125;230.040283203125;774.9716186523438;774.9716186523438
92;230.1066131591797;230.1066131591797;774.8790893554688;774.8790893554688
93;230.10264587402344;230.10264587402344;775.207275390625;775.207275390625
94;230.0489501953125;230.0489501953125;774.9642944335938;774.9642944335938
95;230.06396484375;230.06396484375;775.6556396484375;775.6556396484375
96;230.02818298339844;230.02818298339844;775.0521850585938;775.0521850585938
97;230.06895446777344;230.06895446777344;775.2949829101562;775.2949829101562
98;230.0657196044922;230.0657196044922;775.212646484375;775.212646484375
99;230.06591796875;230.06591796875;775.0692138671875;775.0692138671875
0;203.48776245117188;203.48776245117188;798.7293701171875;798.7293701171875
1;189.20736694335938;189.20736694335938;612.9503784179688;612.9503784179688
2;190.77517700195312;190.77517700195312;722.54443359375;722.54443359375
3;191.35459899902344;191.35459899902344;658.9229125976562;658.9229125976562
4;190.4287567138672;190.4287567138672;711.4779663085938;711.4779663085938
5;189.3321533203125;189.3321533203125;676.9888916015625;676.9888916015625
6;187.9534454345703;187.9534454345703;695.9099731445312;695.9099731445312
7;186.9019012451172;186.9019012451172;750.4042358398438;750.4042358398438
8;186.77365112304688;186.77365112304688;671.4583740234375;671.4583740234375
9;189.15777587890625;189.15777587890625;701.4791259765625;701.4791259765625
10;186.27020263671875;186.27020263671875;666.85986328125;666.85986328125
11;181.8097686767578;181.8097686767578;806.0670166015625;806.0670166015625
12;188.2296600341797;188.2296600341797;676.713134765625;676.713134765625
13;181.8012237548828;181.8012237548828;717.44384765625;717.44384765625
14;179.8373260498047;179.8373260498047;694.2742309570312;694.2742309570312
15;176.9663848876953;176.9663848876953;594.9830322265625;594.9830322265625
16;175.3081817626953;175.3081817626953;681.038818359375;681.038818359375
17;174.88157653808594;174.88157653808594;731.1915893554688;731.1915893554688
18;172.6021728515625;172.6021728515625;552.6583862304688;552.6583862304688
19;172.3092498779297;172.3092498779297;587.186767578125;587.186767578125
20;169.1087646484375;169.1087646484375;679.3087768554688;679.3087768554688
21;169.45980834960938;169.45980834960938;653.5242919921875;653.5242919921875
22;167.06747436523438;167.06747436523438;637.7227172851562;637.7227172851562
23;165.347900390625;165.347900390625;646.4010009765625;646.4010009765625
24;163.41397094726562;163.41397094726562;658.930419921875;658.930419921875
25;161.64871215820312;161.64871215820312;541.0020141601562;541.0020141601562
26;161.09402465820312;161.09402465820312;633.1306762695312;633.1306762695312
27;158.64866638183594;158.64866638183594;555.4639892578125;555.4639892578125
28;156.14450073242188;156.14450073242188;637.555419921875;637.555419921875
29;153.71824645996094;153.71824645996094;479.3818054199219;479.3818054199219
30;154.08346557617188;154.08346557617188;541.0072021484375;541.0072021484375
31;148.3007354736328;148.3007354736328;497.6298522949219;497.6298522949219
32;143.46963500976562;143.46963500976562;424.8003845214844;424.8003845214844
33;148.8362579345703;148.8362579345703;577.9426879882812;577.9426879882812
34;144.39292907714844;144.39292907714844;407.4461975097656;407.4461975097656
35;134.19204711914062;134.19204711914062;425.75860595703125;425.75860595703125
36;130.64404296875;130.64404296875;456.00262451171875;456.00262451171875
37;119.67257690429688;119.67257690429688;339.3424987792969;339.3424987792969
38;118.69036865234375;118.69036865234375;246.4434356689453;246.4434356689453
39;111.95600128173828;111.95600128173828;385.53533935546875;385.53533935546875
40;106.65019989013672;106.65019989013672;353.202392578125;353.202392578125
41;101.37783813476562;101.37783813476562;414.2960205078125;414.2960205078125
42;95.58650970458984;95.58650970458984;262.5780334472656;262.5780334472656
43;88.3748550415039;88.3748550415039;263.6009521484375;263.6009521484375
44;88.80326843261719;88.80326843261719;309.0086669921875;309.0086669921875
45;81.94361114501953;81.94361114501953;244.34312438964844;244.34312438964844
46;75.54761505126953;75.54761505126953;201.9794464111328;201.9794464111328
47;70.482177734375;70.482177734375;316.4565124511719;316.4565124511719
48;72.28974914550781;72.28974914550781;336.2498474121094;336.2498474121094
49;66.4090347290039;66.4090347290039;361.3285827636719;361.3285827636719
50;67.31889343261719;67.31889343261719;238.1064453125;238.1064453125
51;59.559452056884766;59.559452056884766;359.35626220703125;359.35626220703125
52;61.26241683959961;61.26241683959961;266.8282470703125;266.8282470703125
53;58.9077262878418;58.9077262878418;208.4202117919922;208.4202117919922
54;51.95201110839844;51.95201110839844;178.62103271484375;178.62103271484375
55;51.22271728515625;51.22271728515625;138.10536193847656;138.10536193847656
56;56.13459396362305;56.13459396362305;254.92262268066406;254.92262268066406
57;47.0830192565918;47.0830192565918;193.75448608398438;193.75448608398438
58;47.59378433227539;47.59378433227539;291.12200927734375;291.12200927734375
59;44.0313835144043;44.0313835144043;189.8104705810547;189.8104705810547
60;44.83847427368164;44.83847427368164;286.2738037109375;286.2738037109375
61;45.54586410522461;45.54586410522461;267.8624267578125;267.8624267578125
62;45.16177749633789;45.16177749633789;205.1298370361328;205.1298370361328
63;44.07181930541992;44.07181930541992;254.15957641601562;254.15957641601562
64;42.64954376220703;42.64954376220703;223.52166748046875;223.52166748046875
65;44.930850982666016;44.930850982666016;281.1979675292969;281.1979675292969
66;39.91748809814453;39.91748809814453;283.52728271484375;283.52728271484375
67;37.9666862487793;37.9666862487793;220.00950622558594;220.00950622558594
68;39.145259857177734;39.145259857177734;180.41281127929688;180.41281127929688
69;38.43679428100586;38.43679428100586;311.095947265625;311.095947265625
70;39.48234176635742;39.48234176635742;223.32479858398438;223.32479858398438
71;41.11768341064453;41.11768341064453;164.86244201660156;164.86244201660156
72;42.713218688964844;42.713218688964844;269.516357421875;269.516357421875
73;39.959163665771484;39.959163665771484;253.54263305664062;253.54263305664062
74;37.511207580566406;37.511207580566406;209.8688507080078;209.8688507080078
75;37.651554107666016;37.651554107666016;225.40185546875;225.40185546875
76;38.94915771484375;38.94915771484375;255.27099609375;255.27099609375
77;37.12430953979492;37.12430953979492;305.1544189453125;305.1544189453125
78;38.33436965942383;38.33436965942383;305.8435974121094;305.8435974121094
79;36.26166915893555;36.26166915893555;212.3802947998047;212.3802947998047
80;36.506690979003906;36.506690979003906;260.78399658203125;260.78399658203125
81;40.31837844848633;40.31837844848633;226.61685180664062;226.61685180664062
82;36.69865798950195;36.69865798950195;221.30157470703125;221.30157470703125
83;34.66383361816406;34.66383361816406;292.5914001464844;292.5914001464844
84;32.74229049682617;32.74229049682617;237.87400817871094;237.87400817871094
85;35.867305755615234;35.867305755615234;207.7008819580078;207.7008819580078
86;36.141117095947266;36.141117095947266;243.43157958984375;243.43157958984375
87;35.41474914550781;35.41474914550781;267.3309631347656;267.3309631347656
88;35.055763244628906;35.055763244628906;216.6317901611328;216.6317901611328
89;35.881893157958984;35.881893157958984;195.53936767578125;195.53936767578125
90;38.663185119628906;38.663185119628906;209.20335388183594;209.20335388183594
91;35.132686614990234;35.132686614990234;211.68954467773438;211.68954467773438
92;37.24551773071289;37.24551773071289;219.87799072265625;219.87799072265625
93;34.6729621887207;34.6729621887207;261.52069091796875;261.52069091796875
94;35.09684753417969;35.09684753417969;223.74713134765625;223.74713134765625
95;35.414730072021484;35.414730072021484;217.37095642089844;217.37095642089844
96;32.46731948852539;32.46731948852539;256.686767578125;256.686767578125
97;36.41805648803711;36.41805648803711;250.9772491455078;250.9772491455078
98;33.84440994262695;33.84440994262695;304.2285461425781;304.2285461425781
99;34.35396194458008;34.35396194458008;254.7519989013672;254.7519989013672
0;208.7692413330078;208.7692413330078;674.5836791992188;674.5836791992188
1;192.4809112548828;192.4809112548828;647.8157348632812;647.8157348632812
2;192.6547088623047;192.6547088623047;735.5513305664062;735.5513305664062
3;191.6110076904297;191.6110076904297;669.444580078125;669.444580078125
4;189.10691833496094;189.10691833496094;749.921875;749.921875
5;188.68533325195312;188.68533325195312;783.7960815429688;783.7960815429688
6;191.42599487304688;191.42599487304688;640.0015869140625;640.0015869140625
7;190.12957763671875;190.12957763671875;677.828369140625;677.828369140625
8;188.8514404296875;188.8514404296875;670.195556640625;670.195556640625
9;189.4207000732422;189.4207000732422;657.6702270507812;657.6702270507812
10;187.6787109375;187.6787109375;589.229736328125;589.229736328125
11;186.62440490722656;186.62440490722656;686.8781127929688;686.8781127929688
12;185.17724609375;185.17724609375;751.7593994140625;751.7593994140625
13;188.04151916503906;188.04151916503906;709.2728881835938;709.2728881835938
14;187.4331817626953;187.4331817626953;675.3758544921875;675.3758544921875
15;185.11105346679688;185.11105346679688;669.9782104492188;669.9782104492188
16;181.5594482421875;181.5594482421875;588.9967651367188;588.9967651367188
17;179.94140625;179.94140625;713.97216796875;713.97216796875
18;181.05201721191406;181.05201721191406;657.0259399414062;657.0259399414062
19;175.8476104736328;175.8476104736328;532.6962280273438;532.6962280273438
20;171.1023406982422;171.1023406982422;681.5840454101562;681.5840454101562
21;169.19073486328125;169.19073486328125;466.4295959472656;466.4295959472656
22;168.11924743652344;168.11924743652344;642.528076171875;642.528076171875
23;162.20053100585938;162.20053100585938;556.0856323242188;556.0856323242188
24;161.38328552246094;161.38328552246094;512.3298950195312;512.3298950195312
25;163.43678283691406;163.43678283691406;523.5911865234375;523.5911865234375
26;154.32142639160156;154.32142639160156;668.268798828125;668.268798828125
27;151.4742889404297;151.4742889404297;599.5682983398438;599.5682983398438
28;147.37547302246094;147.37547302246094;579.2613525390625;579.2613525390625
29;142.90296936035156;142.90296936035156;463.3872985839844;463.3872985839844
30;141.3085174560547;141.3085174560547;479.1488952636719;479.1488952636719
31;138.2008819580078;138.2008819580078;622.001708984375;622.001708984375
32;135.32058715820312;135.32058715820312;401.6540222167969;401.6540222167969
33;128.77455139160156;128.77455139160156;581.6073608398438;581.6073608398438
34;125.14025115966797;125.14025115966797;419.9190368652344;419.9190368652344
35;119.4730453491211;119.4730453491211;492.7946472167969;492.7946472167969
36;118.0411376953125;118.0411376953125;336.8907470703125;336.8907470703125
37;117.99606323242188;117.99606323242188;468.7254333496094;468.7254333496094
38;108.9597396850586;108.9597396850586;516.2420043945312;516.2420043945312
39;107.90550994873047;107.90550994873047;470.3250732421875;470.3250732421875
40;105.8282699584961;105.8282699584961;388.0851135253906;388.0851135253906
41;100.7231216430664;100.7231216430664;417.4786682128906;417.4786682128906
42;96.69525146484375;96.69525146484375;490.196044921875;490.196044921875
43;95.98751831054688;95.98751831054688;364.7593078613281;364.7593078613281
44;89.21892547607422;89.21892547607422;424.09979248046875;424.09979248046875
45;91.0533218383789;91.0533218383789;420.74249267578125;420.74249267578125
46;86.58135986328125;86.58135986328125;325.27899169921875;325.27899169921875
47;78.68991088867188;78.68991088867188;383.2208251953125;383.2208251953125
48;78.67413330078125;78.67413330078125;250.98883056640625;250.98883056640625
49;85.11831665039062;85.11831665039062;340.4779357910156;340.4779357910156
50;76.60227966308594;76.60227966308594;370.4634094238281;370.4634094238281
51;73.20206451416016;73.20206451416016;340.6103820800781;340.6103820800781
52;67.81327056884766;67.81327056884766;368.3844909667969;368.3844909667969
53;67.93940734863281;67.93940734863281;272.38385009765625;272.38385009765625
54;69.8058090209961;69.8058090209961;367.8558654785156;367.8558654785156
55;63.73171615600586;63.73171615600586;389.4659729003906;389.4659729003906
56;60.956722259521484;60.956722259521484;357.9779968261719;357.9779968261719
57;59.70979309082031;59.70979309082031;400.5649719238281;400.5649719238281
58;61.60737609863281;61.60737609863281;508.9748840332031;508.9748840332031
59;58.510257720947266;58.510257720947266;274.60870361328125;274.60870361328125
60;60.21707534790039;60.21707534790039;227.5107421875;227.5107421875
61;53.51634216308594;53.51634216308594;293.44842529296875;293.44842529296875
62;56.9548454284668;56.9548454284668;292.5738830566406;292.5738830566406
63;51.57750701904297;51.57750701904297;278.6664733886719;278.6664733886719
64;51.699527740478516;51.699527740478516;366.5818786621094;366.5818786621094
65;49.31013488769531;49.31013488769531;298.3232727050781;298.3232727050781
66;47.04436111450195;47.04436111450195;279.44049072265625;279.44049072265625
67;49.62920379638672;49.62920379638672;231.2741241455078;231.2741241455078
68;50.08050537109375;50.08050537109375;253.17001342773438;253.17001342773438
69;48.828147888183594;48.828147888183594;421.0409851074219;421.0409851074219
70;50.57729721069336;50.57729721069336;260.10784912109375;260.10784912109375
71;46.434452056884766;46.434452056884766;329.0210266113281;329.0210266113281
72;47.810035705566406;47.810035705566406;287.31707763671875;287.31707763671875
73;45.27985763549805;45.27985763549805;337.48980712890625;337.48980712890625
74;42.22664260864258;42.22664260864258;215.3970489501953;215.3970489501953
75;44.94944763183594;44.94944763183594;354.483642578125;354.483642578125
76;43.55356216430664;43.55356216430664;262.63165283203125;262.63165283203125
77;42.11623001098633;42.11623001098633;302.6244201660156;302.6244201660156
78;44.77987289428711;44.77987289428711;317.3819885253906;317.3819885253906
79;41.143707275390625;41.143707275390625;347.5690612792969;347.5690612792969
80;45.302581787109375;45.302581787109375;352.99383544921875;352.99383544921875
81;42.948997497558594;42.948997497558594;275.280029296875;275.280029296875
82;40.77600860595703;40.77600860595703;340.3652648925781;340.3652648925781
83;41.424251556396484;41.424251556396484;333.37890625;333.37890625
84;39.53980255126953;39.53980255126953;378.1314697265625;378.1314697265625
85;40.66118240356445;40.66118240356445;324.2626647949219;324.2626647949219
86;41.80601119995117;41.80601119995117;301.70709228515625;301.70709228515625
87;40.66517639160156;40.66517639160156;292.78424072265625;292.78424072265625
88;39.6180534362793;39.6180534362793;235.1175994873047;235.1175994873047
89;38.508384704589844;38.508384704589844;411.57733154296875;411.57733154296875
90;39.38279342651367;39.38279342651367;329.0676574707031;329.0676574707031
91;38.90538024902344;38.90538024902344;285.1474914550781;285.1474914550781
92;37.90058135986328;37.90058135986328;296.4585876464844;296.4585876464844
93;36.606868743896484;36.606868743896484;433.9523010253906;433.9523010253906
94;37.46434783935547;37.46434783935547;397.7541809082031;397.7541809082031
95;39.252986907958984;39.252986907958984;313.161376953125;313.161376953125
96;37.726806640625;37.726806640625;288.99786376953125;288.99786376953125
97;37.178260803222656;37.178260803222656;289.9736022949219;289.9736022949219
98;36.946956634521484;36.946956634521484;329.5655517578125;329.5655517578125
99;34.627960205078125;34.627960205078125;355.05816650390625;355.05816650390625
0;208.81591796875;208.81591796875;719.1651611328125;719.1651611328125
1;191.9661102294922;191.9661102294922;704.3674926757812;704.3674926757812
2;191.63449096679688;191.63449096679688;694.1785278320312;694.1785278320312
3;191.42800903320312;191.42800903320312;700.3047485351562;700.3047485351562
4;191.44293212890625;191.44293212890625;705.5596923828125;705.5596923828125
5;191.37387084960938;191.37387084960938;700.2396240234375;700.2396240234375
6;191.49769592285156;191.49769592285156;706.7337646484375;706.7337646484375
7;191.53775024414062;191.53775024414062;705.6102905273438;705.6102905273438
8;191.31460571289062;191.31460571289062;706.2926025390625;706.2926025390625
9;191.72021484375;191.72021484375;701.826416015625;701.826416015625
10;191.2975616455078;191.2975616455078;697.8298950195312;697.8298950195312
11;191.30172729492188;191.30172729492188;708.286376953125;708.286376953125
12;191.77659606933594;191.77659606933594;699.6777954101562;699.6777954101562
13;191.18783569335938;191.18783569335938;709.38330078125;709.38330078125
14;191.17816162109375;191.17816162109375;712.7562255859375;712.7562255859375
15;191.1014404296875;191.1014404296875;697.3247680664062;697.3247680664062
16;191.1477508544922;191.1477508544922;695.3759155273438;695.3759155273438
17;190.80731201171875;190.80731201171875;711.4322509765625;711.4322509765625
18;191.75527954101562;191.75527954101562;687.907470703125;687.907470703125
19;191.04556274414062;191.04556274414062;692.3341674804688;692.3341674804688
20;190.95635986328125;190.95635986328125;711.8116455078125;711.8116455078125
21;190.89845275878906;190.89845275878906;699.345947265625;699.345947265625
22;190.542236328125;190.542236328125;713.1773681640625;713.1773681640625
23;190.49464416503906;190.49464416503906;705.4774780273438;705.4774780273438
24;191.0114288330078;191.0114288330078;699.0811767578125;699.0811767578125
25;190.7665557861328;190.7665557861328;716.2965698242188;716.2965698242188
26;191.0531768798828;191.0531768798828;701.869140625;701.869140625
27;190.71058654785156;190.71058654785156;687.276611328125;687.276611328125
28;190.75721740722656;190.75721740722656;701.2415771484375;701.2415771484375
29;190.1465301513672;190.1465301513672;721.8883056640625;721.8883056640625
30;191.43759155273438;191.43759155273438;694.5825805664062;694.5825805664062
31;190.1962432861328;190.1962432861328;704.9312744140625;704.9312744140625
32;189.67393493652344;189.67393493652344;716.7009887695312;716.7009887695312
33;188.8649139404297;188.8649139404297;678.9091186523438;678.9091186523438
34;190.8437957763672;190.8437957763672;684.1481323242188;684.1481323242188
35;190.66107177734375;190.66107177734375;692.3390502929688;692.3390502929688
36;190.21165466308594;190.21165466308594;686.8596801757812;686.8596801757812
37;190.30535888671875;190.30535888671875;685.0360107421875;685.0360107421875
38;189.59097290039062;189.59097290039062;710.2528076171875;710.2528076171875
39;189.76077270507812;189.76077270507812;680.6860961914062;680.6860961914062
40;190.26544189453125;190.26544189453125;687.1865844726562;687.1865844726562
41;189.8415069580078;189.8415069580078;704.7445068359375;704.7445068359375
42;189.32400512695312;189.32400512695312;700.9321899414062;700.9321899414062
43;188.9330596923828;188.9330596923828;709.9324340820312;709.9324340820312
44;189.1546173095703;189.1546173095703;656.3147583007812;656.3147583007812
45;189.0084228515625;189.0084228515625;702.5079956054688;702.5079956054688
46;187.73951721191406;187.73951721191406;669.7197875976562;669.7197875976562
47;188.04461669921875;188.04461669921875;721.368896484375;721.368896484375
48;188.5912322998047;188.5912322998047;684.94873046875;684.94873046875
49;188.05276489257812;188.05276489257812;740.4951782226562;740.4951782226562
50;187.5510711669922;187.5510711669922;681.7887573242188;681.7887573242188
51;189.6935272216797;189.6935272216797;738.34326171875;738.34326171875
52;187.21456909179688;187.21456909179688;687.4618530273438;687.4618530273438
53;188.3676300048828;188.3676300048828;660.5667724609375;660.5667724609375
54;187.616455078125;187.616455078125;676.5062255859375;676.5062255859375
55;188.11195373535156;188.11195373535156;681.556884765625;681.556884765625
56;187.2078857421875;187.2078857421875;735.2839965820312;735.2839965820312
57;184.12060546875;184.12060546875;645.0775146484375;645.0775146484375
58;186.77410888671875;186.77410888671875;717.2379760742188;717.2379760742188
59;186.52215576171875;186.52215576171875;678.736572265625;678.736572265625
60;185.88473510742188;185.88473510742188;702.6651611328125;702.6651611328125
61;185.5100555419922;185.5100555419922;691.6110229492188;691.6110229492188
62;185.78541564941406;185.78541564941406;647.872314453125;647.872314453125
63;185.478759765625;185.478759765625;718.0999145507812;718.0999145507812
64;183.8421173095703;183.8421173095703;628.012939453125;628.012939453125
65;185.18231201171875;185.18231201171875;694.7276611328125;694.7276611328125
66;185.09222412109375;185.09222412109375;717.3582763671875;717.3582763671875
67;185.2888641357422;185.2888641357422;723.4625244140625;723.4625244140625
68;183.10604858398438;183.10604858398438;647.102294921875;647.102294921875
69;184.79859924316406;184.79859924316406;634.0550537109375;634.0550537109375
70;184.2107391357422;184.2107391357422;619.5457763671875;619.5457763671875
71;186.62948608398438;186.62948608398438;725.4807739257812;725.4807739257812
72;184.10646057128906;184.10646057128906;707.3958740234375;707.3958740234375
73;183.4381866455078;183.4381866455078;636.5061645507812;636.5061645507812
74;183.137451171875;183.137451171875;709.8605346679688;709.8605346679688
75;183.19363403320312;183.19363403320312;716.9000244140625;716.9000244140625
76;180.50726318359375;180.50726318359375;767.2302856445312;767.2302856445312
77;184.44114685058594;184.44114685058594;692.7679443359375;692.7679443359375
78;181.40037536621094;181.40037536621094;709.5027465820312;709.5027465820312
79;181.08966064453125;181.08966064453125;791.7095336914062;791.7095336914062
80;181.94757080078125;181.94757080078125;747.051025390625;747.051025390625
81;179.1620635986328;179.1620635986328;636.175537109375;636.175537109375
82;182.0581512451172;182.0581512451172;699.8462524414062;699.8462524414062
83;179.60301208496094;179.60301208496094;630.9900512695312;630.9900512695312
84;181.50775146484375;181.50775146484375;749.99462890625;749.99462890625
85;180.45497131347656;180.45497131347656;781.655517578125;781.655517578125
86;181.86842346191406;181.86842346191406;715.64404296875;715.64404296875
87;179.89276123046875;179.89276123046875;689.8331909179688;689.8331909179688
88;178.76449584960938;178.76449584960938;696.9776000976562;696.9776000976562
89;178.4409942626953;178.4409942626953;659.5586547851562;659.5586547851562
90;177.2074432373047;177.2074432373047;661.131103515625;661.131103515625
91;178.16798400878906;178.16798400878906;682.6512451171875;682.6512451171875
92;176.340087890625;176.340087890625;652.19775390625;652.19775390625
93;177.59970092773438;177.59970092773438;659.07275390625;659.07275390625
94;175.96469116210938;175.96469116210938;687.01318359375;687.01318359375
95;172.79945373535156;172.79945373535156;832.855224609375;832.855224609375
96;176.15097045898438;176.15097045898438;749.7520141601562;749.7520141601562
97;174.88253784179688;174.88253784179688;759.857666015625;759.857666015625
98;174.78245544433594;174.78245544433594;602.8856811523438;602.8856811523438
99;171.6660614013672;171.6660614013672;775.592529296875;775.592529296875
0;217.17066955566406;217.17066955566406;752.4725952148438;752.4725952148438
1;192.4303741455078;192.4303741455078;720.4996337890625;720.4996337890625
2;191.50106811523438;191.50106811523438;707.3443603515625;707.3443603515625
3;191.54954528808594;191.54954528808594;705.1320190429688;705.1320190429688
4;191.6476287841797;191.6476287841797;711.4691162109375;711.4691162109375
5;191.4526824951172;191.4526824951172;706.7160034179688;706.7160034179688
6;191.482177734375;191.482177734375;712.9728393554688;712.9728393554688
7;191.3426055908203;191.3426055908203;703.8682861328125;703.8682861328125
8;191.41358947753906;191.41358947753906;700.291259765625;700.291259765625
9;191.63897705078125;191.63897705078125;702.2391357421875;702.2391357421875
10;191.62022399902344;191.62022399902344;708.1676025390625;708.1676025390625
11;191.5576171875;191.5576171875;706.0530395507812;706.0530395507812
12;191.2312469482422;191.2312469482422;708.5641479492188;708.5641479492188
13;191.7171173095703;191.7171173095703;708.2545166015625;708.2545166015625
14;191.37181091308594;191.37181091308594;702.86474609375;702.86474609375
15;191.5696563720703;191.5696563720703;699.8811645507812;699.8811645507812
16;191.1952362060547;191.1952362060547;706.6814575195312;706.6814575195312
17;191.4326629638672;191.4326629638672;710.3026733398438;710.3026733398438
18;191.6759796142578;191.6759796142578;696.1259155273438;696.1259155273438
19;191.41041564941406;191.41041564941406;695.7935791015625;695.7935791015625
20;191.390625;191.390625;693.4417114257812;693.4417114257812
21;191.77719116210938;191.77719116210938;694.9716186523438;694.9716186523438
22;191.32803344726562;191.32803344726562;702.0899047851562;702.0899047851562
23;191.42745971679688;191.42745971679688;705.6116333007812;705.6116333007812
24;191.24258422851562;191.24258422851562;702.774169921875;702.774169921875
25;191.23190307617188;191.23190307617188;701.48046875;701.48046875
26;191.1374053955078;191.1374053955078;699.5907592773438;699.5907592773438
27;190.9785614013672;190.9785614013672;716.7833862304688;716.7833862304688
28;191.3347930908203;191.3347930908203;720.3134155273438;720.3134155273438
29;191.5176239013672;191.5176239013672;705.0067749023438;705.0067749023438
30;191.0775909423828;191.0775909423828;704.39501953125;704.39501953125
31;191.05441284179688;191.05441284179688;700.539306640625;700.539306640625
32;191.2193603515625;191.2193603515625;701.4874877929688;701.4874877929688
33;190.85752868652344;190.85752868652344;698.085205078125;698.085205078125
34;190.7703094482422;190.7703094482422;693.8155517578125;693.8155517578125
35;191.42234802246094;191.42234802246094;700.720703125;700.720703125
36;190.44549560546875;190.44549560546875;703.2315673828125;703.2315673828125
37;190.84317016601562;190.84317016601562;714.1468505859375;714.1468505859375
38;190.6466522216797;190.6466522216797;693.8181762695312;693.8181762695312
39;190.47967529296875;190.47967529296875;695.5064697265625;695.5064697265625
40;191.32406616210938;191.32406616210938;679.4863891601562;679.4863891601562
41;190.50250244140625;190.50250244140625;700.3201293945312;700.3201293945312
42;190.65106201171875;190.65106201171875;686.9593505859375;686.9593505859375
43;189.7838134765625;189.7838134765625;717.7234497070312;717.7234497070312
44;189.7569580078125;189.7569580078125;713.9168701171875;713.9168701171875
45;190.05914306640625;190.05914306640625;696.7633666992188;696.7633666992188
46;189.7163543701172;189.7163543701172;725.409423828125;725.409423828125
47;188.6729278564453;188.6729278564453;684.3136596679688;684.3136596679688
48;189.13699340820312;189.13699340820312;724.0263061523438;724.0263061523438
49;189.52529907226562;189.52529907226562;711.4494018554688;711.4494018554688
50;189.0137939453125;189.0137939453125;698.8825073242188;698.8825073242188
51;189.83309936523438;189.83309936523438;679.2725830078125;679.2725830078125
52;188.8322296142578;188.8322296142578;722.2559204101562;722.2559204101562
53;189.52642822265625;189.52642822265625;687.5865478515625;687.5865478515625
54;187.83348083496094;187.83348083496094;766.4382934570312;766.4382934570312
55;189.75291442871094;189.75291442871094;700.0618896484375;700.0618896484375
56;188.01637268066406;188.01637268066406;698.5114135742188;698.5114135742188
57;188.22967529296875;188.22967529296875;720.8426513671875;720.8426513671875
58;189.061767578125;189.061767578125;706.771240234375;706.771240234375
59;187.3820343017578;187.3820343017578;727.0885009765625;727.0885009765625
60;188.72105407714844;188.72105407714844;706.1775512695312;706.1775512695312
61;189.10838317871094;189.10838317871094;706.392333984375;706.392333984375
62;187.70431518554688;187.70431518554688;671.61083984375;671.61083984375
63;187.0447998046875;187.0447998046875;647.223876953125;647.223876953125
64;187.1815185546875;187.1815185546875;677.1532592773438;677.1532592773438
65;187.60757446289062;187.60757446289062;654.9088134765625;654.9088134765625
66;187.0831756591797;187.0831756591797;689.7988891601562;689.7988891601562
67;186.37118530273438;186.37118530273438;702.103271484375;702.103271484375
68;188.81993103027344;188.81993103027344;707.1010131835938;707.1010131835938
69;187.02474975585938;187.02474975585938;737.9605712890625;737.9605712890625
70;186.44390869140625;186.44390869140625;726.6272583007812;726.6272583007812
71;185.2890625;185.2890625;695.35791015625;695.35791015625
72;185.00767517089844;185.00767517089844;735.4385375976562;735.4385375976562
73;185.19908142089844;185.19908142089844;648.1322021484375;648.1322021484375
74;186.27825927734375;186.27825927734375;697.749755859375;697.749755859375
75;184.4280548095703;184.4280548095703;690.548095703125;690.548095703125
76;184.36416625976562;184.36416625976562;701.3184204101562;701.3184204101562
77;184.4183807373047;184.4183807373047;663.7084350585938;663.7084350585938
78;183.7024383544922;183.7024383544922;698.8125610351562;698.8125610351562
79;183.76156616210938;183.76156616210938;678.3583374023438;678.3583374023438
80;182.4401397705078;182.4401397705078;702.679443359375;702.679443359375
81;182.62945556640625;182.62945556640625;622.0591430664062;622.0591430664062
82;183.56195068359375;183.56195068359375;621.1065063476562;621.1065063476562
83;184.41148376464844;184.41148376464844;731.6130981445312;731.6130981445312
84;182.81105041503906;182.81105041503906;708.6489868164062;708.6489868164062
85;182.14732360839844;182.14732360839844;675.9990844726562;675.9990844726562
86;180.8646697998047;180.8646697998047;681.368896484375;681.368896484375
87;180.4783935546875;180.4783935546875;766.66259765625;766.66259765625
88;181.36155700683594;181.36155700683594;754.611083984375;754.611083984375
89;181.44798278808594;181.44798278808594;736.873291015625;736.873291015625
90;180.22250366210938;180.22250366210938;662.3480224609375;662.3480224609375
91;177.42869567871094;177.42869567871094;786.2673950195312;786.2673950195312
92;179.3557891845703;179.3557891845703;759.21484375;759.21484375
93;178.7659454345703;178.7659454345703;671.73046875;671.73046875
94;177.81785583496094;177.81785583496094;639.8966674804688;639.8966674804688
95;178.88455200195312;178.88455200195312;654.0299072265625;654.0299072265625
96;178.2687225341797;178.2687225341797;674.097900390625;674.097900390625
97;177.96734619140625;177.96734619140625;647.0619506835938;647.0619506835938
98;178.65907287597656;178.65907287597656;704.53173828125;704.53173828125
99;176.39524841308594;176.39524841308594;680.74755859375;680.74755859375
0;384.0354919433594;1409.0780029296875
1;365.6288146972656;1379.3271484375
2;355.8159484863281;1358.000732421875
3;347.883056640625;1339.0240478515625
4;340.94122314453125;1321.8609619140625
5;334.6595458984375;1305.835205078125
6;328.79278564453125;1290.866455078125
7;323.2541809082031;1276.265869140625
8;318.000244140625;1262.2576904296875
9;312.9882507324219;1248.627685546875
10;308.2206726074219;1235.6170654296875
11;303.6380615234375;1222.95751953125
12;299.2318420410156;1210.7369384765625
13;294.97894287109375;1198.4356689453125
14;290.8953552246094;1186.43994140625
15;286.9580383300781;1175.0330810546875
16;283.1373596191406;1163.7403564453125
17;279.45819091796875;1152.3524169921875
18;275.9161376953125;1141.6614990234375
19;272.50103759765625;1131.019775390625
20;269.2221984863281;1120.68408203125
21;266.0799560546875;1110.47412109375
22;263.0306701660156;1100.9302978515625
23;260.0721130371094;1091.0582275390625
24;257.1905212402344;1081.6004638671875
25;254.43983459472656;1072.2305908203125
26;251.81149291992188;1062.9632568359375
27;249.2993927001953;1054.2962646484375
28;246.86575317382812;1045.72900390625
29;244.52761840820312;1037.166015625
30;242.26165771484375;1028.7852783203125
31;240.0668487548828;1020.8738403320312
32;237.98976135253906;1013.0741577148438
33;235.9746551513672;1005.1091918945312
34;234.01431274414062;997.9424438476562
35;232.1566925048828;990.29638671875
36;230.35414123535156;982.9736938476562
37;228.6336212158203;975.85302734375
38;226.9679412841797;969.060302734375
39;225.3822021484375;962.3245849609375
40;223.8772735595703;955.6956787109375
41;222.41497802734375;949.3387451171875
42;220.98170471191406;943.3402099609375
43;219.62954711914062;936.6578979492188
44;218.33840942382812;930.868896484375
45;217.11700439453125;925.428466796875
46;215.92103576660156;919.587646484375
47;214.79098510742188;913.6552124023438
48;213.70025634765625;908.5775146484375
49;212.6585235595703;903.1768798828125
50;211.67295837402344;897.882568359375
51;210.72789001464844;893.0044555664062
52;209.81539916992188;888.169677734375
53;208.94207763671875;883.1687622070312
54;208.133544921875;878.5459594726562
55;207.33168029785156;874.3236694335938
56;206.5867156982422;869.6663818359375
57;205.8622283935547;865.3490600585938
58;205.18650817871094;861.3851318359375
59;204.5331573486328;857.3817138671875
60;203.9042510986328;853.2731323242188
61;203.3011016845703;849.4806518554688
62;202.7194061279297;845.6805419921875
63;202.1826171875;841.966552734375
64;201.63658142089844;838.462158203125
65;201.14205932617188;834.8779907226562
66;200.66319274902344;831.6074829101562
67;200.21636962890625;828.0909423828125
68;199.78025817871094;824.9022827148438
69;199.3616943359375;821.94921875
70;198.96656799316406;818.712890625
71;198.6012420654297;816.1320190429688
72;198.2402801513672;812.7994384765625
73;197.87173461914062;810.2499389648438
74;197.54776000976562;807.4619750976562
75;197.23794555664062;804.4686889648438
76;196.9333953857422;802.3529052734375
77;196.66188049316406;799.3668823242188
78;196.38267517089844;796.813232421875
79;196.12155151367188;794.5418090820312
80;195.8887939453125;792.1007080078125
81;195.64491271972656;790.1673583984375
82;195.4407958984375;787.5888061523438
83;195.21278381347656;785.5601806640625
84;195.01487731933594;783.6980590820312
85;194.84375;781.1962280273438
86;194.65444946289062;779.3619384765625
87;194.47508239746094;777.173583984375
88;194.30914306640625;775.385009765625
89;194.16212463378906;773.43359375
90;194.01742553710938;772.1017456054688
91;193.85162353515625;770.0003051757812
92;193.7327117919922;768.4689331054688
93;193.5875244140625;766.5363159179688
94;193.47091674804688;764.7852172851562
95;193.34864807128906;763.3121948242188
96;193.23583984375;762.0504760742188
97;193.1356658935547;760.1871337890625
98;193.0312957763672;758.889404296875
99;192.93463134765625;757.664306640625
0;419.5928649902344
1;416.62860107421875
2;414.1670837402344
3;411.70037841796875
4;408.3422546386719
5;403.3338317871094
6;397.5379638671875
7;392.0557861328125
8;387.4144287109375
9;383.50274658203125
0;410.4488525390625
1;407.57110595703125
2;404.64447021484375
3;401.7985534667969
4;399.0326232910156
5;396.42584228515625
6;393.9170837402344
7;391.5295715332031
8;389.21502685546875
9;386.9953918457031
0;417.37841796875
1;415.6197204589844
2;413.99945068359375
3;411.8573913574219
4;408.45025634765625
5;404.1108093261719
6;399.5029296875
7;395.4585876464844
8;391.9163513183594
9;388.7806701660156
0;0.20514367520809174
1;0.10857640951871872
2;0.04134256765246391
3;0.014717656187713146
4;0.009081916883587837
5;0.008291579782962799
6;0.008190899156033993
7;0.008141130208969116
8;0.0080499816685915
9;0.008020512759685516
0;416.4028015136719
1;412.3731689453125
2;406.1255187988281
3;399.0046691894531
4;392.2879943847656
5;386.6204833984375
6;382.0119323730469
7;378.0899353027344
8;374.7170715332031
9;371.6899719238281
10;368.9728088378906
11;366.4323425292969
12;364.0308837890625
13;361.8128662109375
14;359.6656494140625
15;357.57794189453125
16;355.630859375
17;353.704345703125
18;351.8614501953125
19;350.01812744140625
20;348.2655029296875
21;346.51068115234375
22;344.802734375
23;343.103271484375
24;341.440673828125
25;339.8076171875
26;338.2047424316406
27;336.6077880859375
28;335.03729248046875
29;333.5240783691406
30;331.9921569824219
31;330.4992980957031
32;328.96685791015625
33;327.4843444824219
34;326.0513916015625
35;324.61700439453125
36;323.1981506347656
37;321.8234558105469
38;320.43310546875
39;319.06744384765625
40;317.7318115234375
41;316.3719177246094
42;315.03411865234375
43;313.7179870605469
44;312.4079895019531
45;311.1155700683594
46;309.8258361816406
47;308.5076599121094
48;307.1936950683594
49;305.9389343261719
50;304.687255859375
51;303.4812927246094
52;302.251708984375
53;301.0646667480469
54;299.8830871582031
55;298.67095947265625
56;297.5303955078125
57;296.3605651855469
58;295.2038269042969
59;294.0542907714844
60;292.8844299316406
61;291.7293395996094
62;290.6093444824219
63;289.4766540527344
64;288.381591796875
65;287.2708740234375
66;286.2036437988281
67;285.14306640625
68;284.1005554199219
69;283.0645751953125
70;282.0267639160156
71;280.9969787597656
72;279.97991943359375
73;278.9545593261719
74;277.9563293457031
75;276.9425964355469
76;275.9797058105469
77;274.94818115234375
78;273.95379638671875
79;272.9883117675781
80;272.0226745605469
81;271.07122802734375
82;270.16204833984375
83;269.1972961425781
84;268.28729248046875
85;267.3514709472656
86;266.4600830078125
87;265.5348815917969
88;264.6336975097656
89;263.72308349609375
90;262.8297424316406
91;261.9708557128906
92;261.1008605957031
93;260.2572326660156
94;259.4124450683594
95;258.5779724121094
96;257.7684326171875
97;256.9380187988281
98;256.1228332519531
99;255.30712890625
0;418.47479248046875
1;413.2750549316406
2;407.2465515136719
3;399.7528076171875
4;392.6107482910156
5;386.50421142578125
6;381.7591552734375
7;377.7840270996094
8;374.4045104980469
9;371.3977966308594
10;368.7314147949219
11;366.2735595703125
12;363.92938232421875
13;361.7369384765625
14;359.63629150390625
15;357.63787841796875
16;355.6360778808594
17;353.7545471191406
18;351.8643798828125
19;350.03167724609375
20;348.234375
21;346.4953308105469
22;344.8304138183594
23;343.13470458984375
24;341.5103454589844
25;339.8623046875
26;338.2823486328125
27;336.67755126953125
28;335.1108703613281
29;333.6048889160156
30;332.0804443359375
31;330.5987854003906
32;329.1426696777344
33;327.6653747558594
34;326.255859375
35;324.82000732421875
36;323.4315490722656
37;321.99810791015625
38;320.61614990234375
39;319.2794494628906
40;317.9024658203125
41;316.5771789550781
42;315.2193298339844
43;313.8749084472656
44;312.5580749511719
45;311.21209716796875
46;309.9468688964844
47;308.6744384765625
48;307.4156188964844
49;306.1773376464844
50;304.9658203125
51;303.716796875
52;302.529052734375
53;301.32830810546875
54;300.1462707519531
55;298.9615783691406
56;297.79058837890625
57;296.60693359375
58;295.4483947753906
59;294.2961120605469
60;293.1756286621094
61;292.0206604003906
62;290.9144287109375
63;289.8039245605469
64;288.70751953125
65;287.6033935546875
66;286.50885009765625
67;285.4635009765625
68;284.37921142578125
69;283.30401611328125
70;282.2704772949219
71;281.2136535644531
72;280.1726989746094
73;279.1147766113281
74;278.0962829589844
75;277.0939636230469
76;276.0787658691406
77;275.1252746582031
78;274.13336181640625
79;273.1631164550781
80;272.1781921386719
81;271.2261962890625
82;270.2806701660156
83;269.3419494628906
84;268.40594482421875
85;267.4983825683594
86;266.5791931152344
87;265.6846618652344
88;264.77935791015625
89;263.884765625
90;262.9913635253906
91;262.0852355957031
92;261.18035888671875
93;260.3323669433594
94;259.4679260253906
95;258.622314453125
96;257.79803466796875
97;256.9806823730469
98;256.1590576171875
99;255.35494995117188
0;0.1026371568441391
1;0.05356772616505623
2;0.023733941838145256
3;0.0107720410451293
4;0.007114494685083628
5;0.006560992915183306
6;0.0065327174961566925
7;0.006551154889166355
8;0.006516776047646999
9;0.006515920627862215
10;0.0065480973571538925
11;0.006543396506458521
12;0.006509607657790184
13;0.006497956346720457
14;0.006488093174993992
15;0.006463638041168451
16;0.006462114863097668
17;0.0064613898284733295
18;0.006449988577514887
19;0.006445234641432762
20;0.006446558982133865
21;0.006487541366368532
22;0.006405462045222521
23;0.00640071602538228
24;0.006402589380741119
25;0.0064325835555791855
26;0.006401609629392624
27;0.006377286743372679
28;0.00640374468639493
29;0.006377491634339094
30;0.006340217310935259
31;0.006318486295640469
32;0.006373974494636059
33;0.0063302782364189625
34;0.006350667215883732
35;0.006379883736371994
36;0.006378478370606899
37;0.006274067331105471
38;0.006297089159488678
39;0.006278839893639088
40;0.006279292516410351
41;0.006299464963376522
42;0.0062804874032735825
43;0.006249701138585806
44;0.006250510457903147
45;0.006202812772244215
46;0.006206177640706301
47;0.006198289338499308
48;0.006231460254639387
49;0.006197171751409769
50;0.006197735201567411
51;0.006179251708090305
52;0.006173467263579369
53;0.006158842705190182
54;0.006214177701622248
55;0.0061532906256616116
56;0.006117107346653938
57;0.006098839920014143
58;0.006104661617428064
59;0.006088549736887217
60;0.006148694548755884
61;0.00609091529622674
62;0.006114538758993149
63;0.006075164303183556
64;0.0060854810290038586
65;0.006044003181159496
66;0.006094824057072401
67;0.006060782819986343
68;0.0060330587439239025
69;0.006030827760696411
70;0.006172714289277792
71;0.006005261559039354
72;0.006070998497307301
73;0.005975498352199793
74;0.005994607228785753
75;0.006019838619977236
76;0.006095817778259516
77;0.005955592729151249
78;0.005957938265055418
79;0.0060321129858493805
80;0.005965623538941145
81;0.005952335428446531
82;0.005954628810286522
83;0.005924936383962631
84;0.005978337489068508
85;0.005910859443247318
86;0.0059436927549541
87;0.005973643623292446
88;0.005877183750271797
89;0.005885763093829155
90;0.005876509007066488
91;0.005891358945518732
92;0.005893642082810402
93;0.0058920118026435375
94;0.0058813681825995445
95;0.00586569681763649
96;0.005868123844265938
97;0.0058887675404548645
98;0.005850203800946474
99;0.005923492833971977
